1.067e+7,4.8024e-10
1.2874e+7,5.5078e-10
1.5409e+7,6.2526e-10
1.8412e+7,7.0835e-10
2.1966e+7,8.0085e-10
2.6248e+7,9.0913e-10
3.1314e+7,1.007e-9
3.7662e+7,1.0237e-9
4.4785e+7,1.007e-9
5.317e+7,9.8867e-10
6.3741e+7,9.7262e-10
7.6414e+7,9.5683e-10
9.2351e+7,9.3555e-10
1.0823e+8,8.9988e-10
1.2996e+8,8.36e-10
1.563e+8,7.7348e-10
1.8617e+8,7.1857e-10
2.221e+8,6.6619e-10
2.6625e+8,6.189e-10
3.1816e+8,5.7378e-10
3.8018e+8,5.4741e-10
4.5503e+8,5.2547e-10
5.4197e+8,5.0235e-10
6.4553e+8,4.8024e-10
7.7262e+8,4.6005e-10
9.2923e+8,4.3801e-10
1.0925e+9,4.3178e-10
1.3204e+9,4.3533e-10
1.5778e+9,4.3533e-10
1.8854e+9,4.3533e-10
2.2529e+9,4.3533e-10
2.6921e+9,4.3533e-10
3.2169e+9,4.3622e-10
3.8315e+9,4.5724e-10
4.5933e+9,4.7731e-10
5.4621e+9,4.9521e-10
6.5375e+9,5.1694e-10
7.8119e+9,5.3853e-10
9.4258e+9,5.6102e-10
1.1172e+10,5.9897e-10
1.3394e+10,6.5404e-10
1.5953e+10,7.1126e-10
1.9063e+10,7.7348e-10
2.2816e+10,8.4459e-10
2.7308e+10,9.0728e-10